MSG,4,111,11111,AC820F,111111,2019/04/14,15:17:03.070,2019/04/14,15:17:03.046,,,297,89,,,-1408,,,,,0
MSG,4,111,11111,ABE924,111111,2019/04/14,15:17:03.217,2019/04/14,15:17:03.178,,,198,149,,,64,,,,,0
MSG,3,111,11111,ABE924,111111,2019/04/14,15:17:03.427,2019/04/14,15:17:03.372,,12275,,,33.63003,-84.65034,,,,,,0
MSG,4,111,11111,AC820F,111111,2019/04/14,15:17:03.470,2019/04/14,15:17:03.437,,,297,89,,,-1408,,,,,0
MSG,5,111,11111,AC8D30,111111,2019/04/14,15:17:03.621,2019/04/14,15:17:03.571,,8800,,,,,,,0,,0,0
MSG,5,111,11111,AC8D30,111111,2019/04/14,15:17:03.722,2019/04/14,15:17:03.700,,8775,,,,,,,0,,0,0
MSG,4,111,11111,AC8D30,111111,2019/04/14,15:17:03.730,2019/04/14,15:17:03.702,,,285,89,,,-1216,,,,,0
MSG,4,111,11111,ABE924,111111,2019/04/14,15:17:04.047,2019/04/14,15:17:04.029,,,198,149,,,64,,,,,0
MSG,4,111,11111,AC8D30,111111,2019/04/14,15:17:04.160,2019/04/14,15:17:04.157,,,285,89,,,-1216,,,,,0
MSG,3,111,11111,AC820F,111111,2019/04/14,15:17:04.400,2019/04/14,15:17:04.359,,11725,,,33.72900,-84.52984,,,,,,0
MSG,4,111,11111,ABE924,111111,2019/04/14,15:17:04.477,2019/04/14,15:17:04.424,,,198,149,,,64,,,,,0
MSG,3,111,11111,ABE924,111111,2019/04/14,15:17:04.497,2019/04/14,15:17:04.485,,12275,,,33.62915,-84.64972,,,,,,0
MSG,3,111,11111,AC820F,111111,2019/04/14,15:17:04.829,2019/04/14,15:17:04.815,,11700,,,33.72900,-84.52915,,,,,,0
MSG,4,111,11111,ABE924,111111,2019/04/14,15:17:04.877,2019/04/14,15:17:04.877,,,198,149,,,64,,,,,0
MSG,4,111,11111,AB3C61,111111,2019/04/14,15:17:05.022,2019/04/14,15:17:05.011,,,253,282,,,2304,,,,,0
MSG,3,111,11111,ABE924,111111,2019/04/14,15:17:05.077,2019/04/14,15:17:05.076,,12275,,,33.62874,-84.64943,,,,,,0
MSG,3,111,11111,AC8D30,111111,2019/04/14,15:17:05.180,2019/04/14,15:17:05.144,,8750,,,33.73338,-84.34585,,,,,,0
MSG,1,111,11111,ABE924,111111,2019/04/14,15:17:05.517,2019/04/14,15:17:05.469,DAL296  ,,,,,,,,,,,0
MSG,3,111,11111,ABE924,111111,2019/04/14,15:17:05.557,2019/04/14,15:17:05.535,,12275,,,33.62833,-84.64915,,,,,,0
MSG,4,111,11111,ABE924,111111,2019/04/14,15:17:05.816,2019/04/14,15:17:05.797,,,198,149,,,64,,,,,0
MSG,4,111,11111,AC820F,111111,2019/04/14,15:17:05.930,2019/04/14,15:17:05.927,,,298,88,,,-1408,,,,,0
MSG,3,111,11111,ABE924,111111,2019/04/14,15:17:06.037,2019/04/14,15:17:05.996,,12275,,,33.62791,-84.64887,,,,,,0
MSG,4,111,11111,ABE924,111111,2019/04/14,15:17:06.247,2019/04/14,15:17:06.195,,,198,149,,,64,,,,,0
MSG,5,111,11111,ABE924,111111,2019/04/14,15:17:06.319,2019/04/14,15:17:06.319,,12275,,,,,,,0,,0,0
MSG,5,111,11111,AC820F,111111,2019/04/14,15:17:06.351,2019/04/14,15:17:06.323,,11675,,,,,,,0,,0,0
MSG,3,111,11111,AC820F,111111,2019/04/14,15:17:06.399,2019/04/14,15:17:06.384,,11675,,,33.72905,-84.52652,,,,,,0
MSG,1,111,11111,A03210,111111,2019/04/14,15:17:06.540,2019/04/14,15:17:06.518,N111Y   ,,,,,,,,,,,0
MSG,5,111,11111,ABE924,111111,2019/04/14,15:17:06.700,2019/04/14,15:17:06.653,,12275,,,,,,,0,,0,0
MSG,4,111,11111,ABE924,111111,2019/04/14,15:17:07.097,2019/04/14,15:17:07.046,,,198,149,,,64,,,,,0
MSG,3,111,11111,ABE924,111111,2019/04/14,15:17:07.297,2019/04/14,15:17:07.244,,12275,,,33.62692,-84.64817,,,,,,0
MSG,5,111,11111,AC820F,111111,2019/04/14,15:17:07.336,2019/04/14,15:17:07.305,,11650,,,,,,,0,,0,0
MSG,3,111,11111,AC820F,111111,2019/04/14,15:17:07.429,2019/04/14,15:17:07.372,,11650,,,33.72910,-84.52486,,,,,,0
MSG,3,111,11111,ABE924,111111,2019/04/14,15:17:07.698,2019/04/14,15:17:07.696,,12275,,,33.62659,-84.64794,,,,,,0
MSG,3,111,11111,AC820F,111111,2019/04/14,15:17:07.940,2019/04/14,15:17:07.897,,11625,,,33.72910,-84.52406,,,,,,0
MSG,3,111,11111,AC8D30,111111,2019/04/14,15:17:08.020,2019/04/14,15:17:07.964,,8700,,,33.73338,-84.34142,,,,,,0
MSG,4,111,11111,ABE924,111111,2019/04/14,15:17:08.087,2019/04/14,15:17:08.089,,,198,149,,,64,,,,,0
MSG,3,111,11111,ABE924,111111,2019/04/14,15:17:08.167,2019/04/14,15:17:08.155,,12275,,,33.62627,-84.64770,,,,,,0
MSG,4,111,11111,AC8D30,111111,2019/04/14,15:17:08.210,2019/04/14,15:17:08.159,,,284,89,,,-1280,,,,,0
MSG,5,111,11111,AC8D30,111111,2019/04/14,15:17:08.274,2019/04/14,15:17:08.225,,8700,,,,,,,0,,0,0
MSG,3,111,11111,AC820F,111111,2019/04/14,15:17:08.980,2019/04/14,15:17:08.945,,11600,,,33.72917,-84.52231,,,,,,0
MSG,4,111,11111,AC820F,111111,2019/04/14,15:17:09.430,2019/04/14,15:17:09.402,,,298,88,,,-1472,,,,,0
MSG,4,111,11111,AC820F,111111,2019/04/14,15:17:10.450,2019/04/14,15:17:10.448,,,298,87,,,-1472,,,,,0
MSG,3,111,11111,AC820F,111111,2019/04/14,15:17:10.550,2019/04/14,15:17:10.518,,11575,,,33.72922,-84.51967,,,,,,0
MSG,1,111,11111,ABE924,111111,2019/04/14,15:17:10.617,2019/04/14,15:17:10.583,DAL296  ,,,,,,,,,,,0
MSG,4,111,11111,ABE924,111111,2019/04/14,15:17:10.747,2019/04/14,15:17:10.715,,,199,149,,,0,,,,,0
MSG,5,111,11111,ABE924,111111,2019/04/14,15:17:10.939,2019/04/14,15:17:10.910,,12275,,,,,,,0,,0,0
MSG,4,111,11111,A03210,111111,2019/04/14,15:17:10.972,2019/04/14,15:17:10.973,,,472,339,,,128,,,,,0
MSG,3,111,11111,AC820F,111111,2019/04/14,15:17:11.070,2019/04/14,15:17:11.042,,11550,,,33.72926,-84.51883,,,,,,0
MSG,3,111,11111,AC8D30,111111,2019/04/14,15:17:11.111,2019/04/14,15:17:11.105,,8625,,,33.73338,-84.33655,,,,,,0
MSG,5,111,11111,ABE924,111111,2019/04/14,15:17:11.249,2019/04/14,15:17:11.235,,12275,,,,,,,0,,0,0
MSG,4,111,11111,AC8D30,111111,2019/04/14,15:17:11.370,2019/04/14,15:17:11.365,,,284,90,,,-1280,,,,,0
MSG,3,111,11111,AC820F,111111,2019/04/14,15:17:11.650,2019/04/14,15:17:11.630,,11550,,,33.72931,-84.51782,,,,,,0
MSG,5,111,11111,AC8D30,111111,2019/04/14,15:17:11.651,2019/04/14,15:17:11.631,,8625,,,,,,,0,,0,0
MSG,5,111,11111,AC820F,111111,2019/04/14,15:17:11.971,2019/04/14,15:17:11.957,,11525,,,,,,,0,,0,0
MSG,3,111,11111,AC820F,111111,2019/04/14,15:17:12.109,2019/04/14,15:17:12.088,,11525,,,33.72933,-84.51708,,,,,,0
MSG,3,111,11111,AC8D30,111111,2019/04/14,15:17:12.150,2019/04/14,15:17:12.152,,8625,,,33.73338,-84.33489,,,,,,0
MSG,4,111,11111,AC820F,111111,2019/04/14,15:17:12.630,2019/04/14,15:17:12.613,,,298,87,,,-1472,,,,,0
MSG,3,111,11111,AC820F,111111,2019/04/14,15:17:12.690,2019/04/14,15:17:12.679,,11525,,,33.72935,-84.51620,,,,,,0
MSG,5,111,11111,AC820F,111111,2019/04/14,15:17:13.127,2019/04/14,15:17:13.074,,11500,,,,,,,0,,0,0
MSG,3,111,11111,AC820F,111111,2019/04/14,15:17:13.129,2019/04/14,15:17:13.075,,11500,,,33.72938,-84.51548,,,,,,0
MSG,4,111,11111,AC820F,111111,2019/04/14,15:17:13.180,2019/04/14,15:17:13.139,,,298,87,,,-1472,,,,,0
MSG,5,111,11111,AD2384,111111,2019/04/14,15:17:13.403,2019/04/14,15:17:13.398,,11275,,,,,,,0,,0,0
MSG,3,111,11111,A03210,111111,2019/04/14,15:17:13.566,2019/04/14,15:17:13.534,,43000,,,33.81019,-84.51931,,,,,,0
MSG,3,111,11111,AC820F,111111,2019/04/14,15:17:13.610,2019/04/14,15:17:13.596,,11500,,,33.72942,-84.51462,,,,,,0
MSG,5,111,11111,A03210,111111,2019/04/14,15:17:13.687,2019/04/14,15:17:13.662,,43000,,,,,,,0,,0,0
MSG,4,111,11111,AC820F,111111,2019/04/14,15:17:13.710,2019/04/14,15:17:13.665,,,298,87,,,-1472,,,,,0
MSG,4,111,11111,A03210,111111,2019/04/14,15:17:13.872,2019/04/14,15:17:13.859,,,472,339,,,192,,,,,0
MSG,4,111,11111,ABE924,111111,2019/04/14,15:17:13.917,2019/04/14,15:17:13.862,,,200,149,,,0,,,,,0
MSG,4,111,11111,AC820F,111111,2019/04/14,15:17:14.291,2019/04/14,15:17:14.254,,,298,87,,,-1472,,,,,0
MSG,4,111,11111,ABE924,111111,2019/04/14,15:17:14.377,2019/04/14,15:17:14.321,,,200,149,,,0,,,,,0
MSG,4,111,11111,A03210,111111,2019/04/14,15:17:14.830,2019/04/14,15:17:14.778,,,472,339,,,64,,,,,0
MSG,3,111,11111,ABE924,111111,2019/04/14,15:17:15.108,2019/04/14,15:17:15.101,,12275,,,33.62068,-84.64382,,,,,,0
MSG,4,111,11111,ABE924,111111,2019/04/14,15:17:15.398,2019/04/14,15:17:15.368,,,200,149,,,0,,,,,0
MSG,4,111,11111,AB8F0D,111111,2019/04/14,15:17:15.498,2019/04/14,15:17:15.496,,,235,271,,,1984,,,,,0
MSG,3,111,11111,AC820F,111111,2019/04/14,15:17:15.530,2019/04/14,15:17:15.500,,11450,,,33.72952,-84.51147,,,,,,0
MSG,5,111,11111,AC820F,111111,2019/04/14,15:17:15.580,2019/04/14,15:17:15.562,,11450,,,,,,,0,,0,0
MSG,4,111,11111,A03210,111111,2019/04/14,15:17:15.863,2019/04/14,15:17:15.826,,,472,339,,,64,,,,,0
MSG,4,111,11111,ABE924,111111,2019/04/14,15:17:15.877,2019/04/14,15:17:15.827,,,200,149,,,0,,,,,0
MSG,3,111,11111,AC820F,111111,2019/04/14,15:17:16.011,2019/04/14,15:17:15.956,,11425,,,33.72956,-84.51067,,,,,,0
MSG,3,111,11111,AC820F,111111,2019/04/14,15:17:16.590,2019/04/14,15:17:16.548,,11425,,,33.72958,-84.50975,,,,,,0
MSG,5,111,11111,AC8D30,111111,2019/04/14,15:17:16.682,2019/04/14,15:17:16.675,,8525,,,,,,,0,,0,0
MSG,4,111,11111,AC820F,111111,2019/04/14,15:17:16.760,2019/04/14,15:17:16.741,,,298,87,,,-1536,,,,,0
MSG,3,111,11111,A03210,111111,2019/04/14,15:17:17.323,2019/04/14,15:17:17.272,,43000,,,33.81802,-84.52298,,,,,,0
MSG,4,111,11111,ABD932,111111,2019/04/14,15:17:18.192,2019/04/14,15:17:18.183,,,510,87,,,128,,,,,0
MSG,5,111,11111,AC820F,111111,2019/04/14,15:17:18.684,2019/04/14,15:17:18.644,,11350,,,,,,,0,,0,0
MSG,4,111,11111,AB8F0D,111111,2019/04/14,15:17:18.718,2019/04/14,15:17:18.708,,,239,271,,,1728,,,,,0
MSG,4,111,11111,ABE924,111111,2019/04/14,15:17:18.858,2019/04/14,15:17:18.840,,,200,149,,,0,,,,,0
MSG,4,111,11111,AC820F,111111,2019/04/14,15:17:19.381,2019/04/14,15:17:19.365,,,298,87,,,-1600,,,,,0
MSG,4,111,11111,ACDC3A,111111,2019/04/14,15:17:19.459,2019/04/14,15:17:19.431,,,346,169,,,192,,,,,0
MSG,3,111,11111,ACDC3A,111111,2019/04/14,15:17:19.519,2019/04/14,15:17:19.496,,10275,,,33.52405,-84.69163,,,,,,0
MSG,4,111,11111,ABE924,111111,2019/04/14,15:17:19.747,2019/04/14,15:17:19.694,,,200,149,,,0,,,,,0
MSG,3,111,11111,AC820F,111111,2019/04/14,15:17:19.890,2019/04/14,15:17:19.887,,11325,,,33.72977,-84.50431,,,,,,0
MSG,3,111,11111,AB3C61,111111,2019/04/14,15:17:20.012,2019/04/14,15:17:19.958,,10825,,,33.69374,-84.72354,,,,,,0
MSG,5,111,11111,ACDC3A,111111,2019/04/14,15:17:20.202,2019/04/14,15:17:20.158,,10275,,,,,,,0,,0,0
MSG,4,111,11111,ACDC3A,111111,2019/04/14,15:17:20.429,2019/04/14,15:17:20.413,,,347,169,,,128,,,,,0
MSG,3,111,11111,AB3C61,111111,2019/04/14,15:17:20.453,2019/04/14,15:17:20.416,,10825,,,33.69386,-84.72416,,,,,,0
MSG,3,111,11111,A03210,111111,2019/04/14,15:17:20.519,2019/04/14,15:17:20.482,,43000,,,33.82457,-84.52606,,,,,,0
MSG,3,111,11111,ACDC3A,111111,2019/04/14,15:17:20.519,2019/04/14,15:17:20.482,,10275,,,33.52245,-84.69124,,,,,,0
MSG,5,111,11111,AB3C61,111111,2019/04/14,15:17:20.713,2019/04/14,15:17:20.677,,10825,,,,,,,0,,0,0
MSG,3,111,11111,ABE924,111111,2019/04/14,15:17:21.098,2019/04/14,15:17:21.069,,12275,,,33.61584,-84.64045,,,,,,0
MSG,4,111,11111,AB3C61,111111,2019/04/14,15:17:21.394,2019/04/14,15:17:21.394,,,259,282,,,1216,,,,,0
MSG,5,111,11111,A03210,111111,2019/04/14,15:17:21.394,2019/04/14,15:17:21.395,,43000,,,,,,,0,,0,0
MSG,3,111,11111,ACDC3A,111111,2019/04/14,15:17:21.499,2019/04/14,15:17:21.464,,10275,,,33.52089,-84.69091,,,,,,0
MSG,4,111,11111,A03210,111111,2019/04/14,15:17:21.853,2019/04/14,15:17:21.853,,,472,339,,,-64,,,,,0
MSG,4,111,11111,AB3C61,111111,2019/04/14,15:17:21.893,2019/04/14,15:17:21.858,,,259,282,,,1216,,,,,0
MSG,5,111,11111,AC820F,111111,2019/04/14,15:17:21.984,2019/04/14,15:17:21.983,,11275,,,,,,,0,,0,0
MSG,3,111,11111,ABE924,111111,2019/04/14,15:17:22.108,2019/04/14,15:17:22.056,,12275,,,33.61505,-84.63987,,,,,,0
MSG,4,111,11111,ABDC96,111111,2019/04/14,15:17:22.167,2019/04/14,15:17:22.116,,,522,83,,,-128,,,,,0
MSG,3,111,11111,A03210,111111,2019/04/14,15:17:22.379,2019/04/14,15:17:22.377,,43000,,,33.82811,-84.52772,,,,,,0
MSG,4,111,11111,AB3C61,111111,2019/04/14,15:17:22.403,2019/04/14,15:17:22.381,,,260,282,,,1152,,,,,0
MSG,3,111,11111,AC820F,111111,2019/04/14,15:17:22.460,2019/04/14,15:17:22.445,,11250,,,33.72995,-84.50000,,,,,,0
MSG,4,111,11111,A03210,111111,2019/04/14,15:17:22.811,2019/04/14,15:17:22.774,,,472,339,,,-128,,,,,0
MSG,4,111,11111,AB8F0D,111111,2019/04/14,15:17:23.068,2019/04/14,15:17:23.034,,,244,271,,,1536,,,,,0
MSG,4,111,11111,ABDC96,111111,2019/04/14,15:17:23.105,2019/04/14,15:17:23.099,,,522,83,,,-128,,,,,0
MSG,4,111,11111,AC820F,111111,2019/04/14,15:17:23.141,2019/04/14,15:17:23.103,,,297,87,,,-1728,,,,,0
MSG,4,111,11111,AB3C61,111111,2019/04/14,15:17:23.433,2019/04/14,15:17:23.427,,,261,282,,,1152,,,,,0
MSG,4,111,11111,AB8F0D,111111,2019/04/14,15:17:23.638,2019/04/14,15:17:23.624,,,245,271,,,1536,,,,,0
MSG,1,111,11111,AB8F0D,111111,2019/04/14,15:17:23.859,2019/04/14,15:17:23.823,DAL1962 ,,,,,,,,,,,0
MSG,3,111,11111,ABE924,111111,2019/04/14,15:17:24.058,2019/04/14,15:17:24.018,,12275,,,33.61349,-84.63878,,,,,,0
MSG,4,111,11111,AC820F,111111,2019/04/14,15:17:24.170,2019/04/14,15:17:24.149,,,297,87,,,-1728,,,,,0
MSG,4,111,11111,AB8F0D,111111,2019/04/14,15:17:24.219,2019/04/14,15:17:24.214,,,245,271,,,1536,,,,,0
MSG,3,111,11111,AC820F,111111,2019/04/14,15:17:24.451,2019/04/14,15:17:24.414,,11200,,,33.73009,-84.49669,,,,,,0
MSG,4,111,11111,ABE924,111111,2019/04/14,15:17:24.738,2019/04/14,15:17:24.737,,,201,149,,,0,,,,,0
MSG,5,111,11111,AC820F,111111,2019/04/14,15:17:24.926,2019/04/14,15:17:24.874,,11200,,,,,,,0,,0,0
MSG,4,111,11111,AB3C61,111111,2019/04/14,15:17:25.023,2019/04/14,15:17:25.002,,,262,282,,,1152,,,,,0
MSG,5,111,11111,AC820F,111111,2019/04/14,15:17:25.132,2019/04/14,15:17:25.130,,11175,,,,,,,0,,0,0
MSG,5,111,11111,AD2384,111111,2019/04/14,15:17:25.366,2019/04/14,15:17:25.331,,11275,,,,,,,0,,0,0
MSG,3,111,11111,A03210,111111,2019/04/14,15:17:25.374,2019/04/14,15:17:25.332,,43000,,,33.83423,-84.53060,,,,,,0
MSG,5,111,11111,AB3C61,111111,2019/04/14,15:17:25.379,2019/04/14,15:17:25.333,,10925,,,,,,,0,,0,0
MSG,3,111,11111,AC820F,111111,2019/04/14,15:17:25.430,2019/04/14,15:17:25.396,,11175,,,33.73012,-84.49516,,,,,,0
MSG,4,111,11111,ABDC96,111111,2019/04/14,15:17:25.926,2019/04/14,15:17:25.917,,,522,83,,,0,,,,,0
MSG,5,111,11111,AC820F,111111,2019/04/14,15:17:25.956,2019/04/14,15:17:25.919,,11150,,,,,,,0,,0,0
MSG,5,111,11111,ABDC96,111111,2019/04/14,15:17:26.110,2019/04/14,15:17:26.112,,35000,,,,,,,0,,0,0
MSG,1,111,11111,A03210,111111,2019/04/14,15:17:26.396,2019/04/14,15:17:26.376,N111Y   ,,,,,,,,,,,0
MSG,3,111,11111,A03210,111111,2019/04/14,15:17:26.431,2019/04/14,15:17:26.379,,43000,,,33.83670,-84.53172,,,,,,0
MSG,4,111,11111,A03210,111111,2019/04/14,15:17:26.802,2019/04/14,15:17:26.771,,,472,339,,,64,,,,,0
MSG,3,111,11111,AC820F,111111,2019/04/14,15:17:26.951,2019/04/14,15:17:26.905,,11125,,,33.73022,-84.49260,,,,,,0
MSG,3,111,11111,ABE924,111111,2019/04/14,15:17:27.078,2019/04/14,15:17:27.036,,12275,,,33.61107,-84.63710,,,,,,0
MSG,4,111,11111,AC820F,111111,2019/04/14,15:17:27.310,2019/04/14,15:17:27.296,,,297,87,,,-1728,,,,,0
MSG,3,111,11111,AC820F,111111,2019/04/14,15:17:27.470,2019/04/14,15:17:27.429,,11125,,,33.73027,-84.49176,,,,,,0
MSG,4,111,11111,ABE924,111111,2019/04/14,15:17:27.708,2019/04/14,15:17:27.689,,,201,149,,,0,,,,,0
MSG,3,111,11111,AC8D30,111111,2019/04/14,15:17:28.282,2019/04/14,15:17:28.276,,8325,,,33.73343,-84.30970,,,,,,0
MSG,5,111,11111,AC820F,111111,2019/04/14,15:17:28.352,2019/04/14,15:17:28.342,,11100,,,,,,,0,,0,0
MSG,4,111,11111,ABE924,111111,2019/04/14,15:17:28.758,2019/04/14,15:17:28.737,,,202,149,,,0,,,,,0
MSG,3,111,11111,ABE924,111111,2019/04/14,15:17:29.029,2019/04/14,15:17:28.999,,12275,,,33.60951,-84.63598,,,,,,0
MSG,4,111,11111,ABDC96,111111,2019/04/14,15:17:29.121,2019/04/14,15:17:29.067,,,522,83,,,64,,,,,0
MSG,5,111,11111,AC820F,111111,2019/04/14,15:17:29.418,2019/04/14,15:17:29.393,,11050,,,,,,,0,,0,0
MSG,3,111,11111,AC820F,111111,2019/04/14,15:17:29.501,2019/04/14,15:17:29.458,,11050,,,33.73040,-84.48841,,,,,,0
MSG,5,111,11111,ABDC96,111111,2019/04/14,15:17:29.713,2019/04/14,15:17:29.658,,35000,,,,,,,0,,0,0
MSG,3,111,11111,A03210,111111,2019/04/14,15:17:29.724,2019/04/14,15:17:29.718,,43000,,,33.84334,-84.53486,,,,,,0
MSG,4,111,11111,ABE924,111111,2019/04/14,15:17:29.748,2019/04/14,15:17:29.721,,,202,149,,,0,,,,,0
MSG,3,111,11111,ABE924,111111,2019/04/14,15:17:29.988,2019/04/14,15:17:29.979,,12275,,,33.60867,-84.63541,,,,,,0
MSG,4,111,11111,ABDC96,111111,2019/04/14,15:17:30.098,2019/04/14,15:17:30.049,,,522,83,,,64,,,,,0
MSG,3,111,11111,AC820F,111111,2019/04/14,15:17:30.620,2019/04/14,15:17:30.572,,11025,,,33.73045,-84.48658,,,,,,0
MSG,5,111,11111,A03210,111111,2019/04/14,15:17:30.661,2019/04/14,15:17:30.637,,43000,,,,,,,0,,0,0
MSG,4,111,11111,ABDC96,111111,2019/04/14,15:17:30.981,2019/04/14,15:17:30.965,,,522,83,,,0,,,,,0
MSG,4,111,11111,AC820F,111111,2019/04/14,15:17:31.371,2019/04/14,15:17:31.357,,,297,87,,,-1600,,,,,0
MSG,5,111,11111,ABDC96,111111,2019/04/14,15:17:31.547,2019/04/14,15:17:31.494,,35000,,,,,,,0,,0,0
MSG,5,111,11111,AC820F,111111,2019/04/14,15:17:31.639,2019/04/14,15:17:31.621,,11000,,,,,,,0,,0,0
MSG,4,111,11111,ABE924,111111,2019/04/14,15:17:31.778,2019/04/14,15:17:31.753,,,202,149,,,0,,,,,0
MSG,4,111,11111,A03210,111111,2019/04/14,15:17:31.822,2019/04/14,15:17:31.815,,,472,339,,,-64,,,,,0
MSG,3,111,11111,A03210,111111,2019/04/14,15:17:31.920,2019/04/14,15:17:31.885,,43000,,,33.84781,-84.53693,,,,,,0
MSG,4,111,11111,ABDC96,111111,2019/04/14,15:17:32.046,2019/04/14,15:17:32.016,,,522,83,,,0,,,,,0
MSG,3,111,11111,ABDC96,111111,2019/04/14,15:17:32.951,2019/04/14,15:17:32.932,,35000,,,33.60320,-84.71266,,,,,,0
MSG,3,111,11111,AC820F,111111,2019/04/14,15:17:32.961,2019/04/14,15:17:32.933,,10975,,,33.73059,-84.48268,,,,,,0
MSG,4,111,11111,ABDC96,111111,2019/04/14,15:17:33.021,2019/04/14,15:17:32.997,,,522,83,,,0,,,,,0
MSG,4,111,11111,ACDC3A,111111,2019/04/14,15:17:33.150,2019/04/14,15:17:33.129,,,351,169,,,-128,,,,,0
MSG,4,111,11111,ABDC96,111111,2019/04/14,15:17:33.977,2019/04/14,15:17:33.977,,,522,83,,,0,,,,,0
MSG,3,111,11111,A03210,111111,2019/04/14,15:17:33.986,2019/04/14,15:17:33.978,,43000,,,33.85217,-84.53901,,,,,,0
MSG,3,111,11111,ABDC96,111111,2019/04/14,15:17:34.017,2019/04/14,15:17:33.979,,35000,,,33.60345,-84.70974,,,,,,0
MSG,5,111,11111,ABE924,111111,2019/04/14,15:17:34.018,2019/04/14,15:17:33.980,,12275,,,,,,,0,,0,0
MSG,5,111,11111,A03210,111111,2019/04/14,15:17:34.201,2019/04/14,15:17:34.177,,43000,,,,,,,0,,0,0
MSG,3,111,11111,ACDC3A,111111,2019/04/14,15:17:34.400,2019/04/14,15:17:34.373,,10250,,,33.50024,-84.68630,,,,,,0
MSG,3,111,11111,AC820F,111111,2019/04/14,15:17:34.442,2019/04/14,15:17:34.437,,10925,,,33.73068,-84.48029,,,,,,0
MSG,3,111,11111,ABE924,111111,2019/04/14,15:17:34.588,2019/04/14,15:17:34.569,,12275,,,33.60499,-84.63278,,,,,,0
MSG,4,111,11111,ABE924,111111,2019/04/14,15:17:34.678,2019/04/14,15:17:34.634,,,202,149,,,0,,,,,0
MSG,5,111,11111,A78CFC,111111,2019/04/14,15:17:34.787,2019/04/14,15:17:34.768,,36000,,,,,,,0,,0,0
MSG,3,111,11111,A03210,111111,2019/04/14,15:17:35.036,2019/04/14,15:17:35.028,,43000,,,33.85423,-84.53997,,,,,,0
MSG,5,111,11111,A03210,111111,2019/04/14,15:17:35.283,2019/04/14,15:17:35.230,,43000,,,,,,,0,,0,0
MSG,5,111,11111,AC820F,111111,2019/04/14,15:17:35.283,2019/04/14,15:17:35.230,,10900,,,,,,,0,,0,0
MSG,4,111,11111,AC820F,111111,2019/04/14,15:17:35.381,2019/04/14,15:17:35.357,,,297,87,,,-1536,,,,,0
MSG,3,111,11111,AC8D30,111111,2019/04/14,15:17:35.401,2019/04/14,15:17:35.359,,8150,,,33.73347,-84.29871,,,,,,0
MSG,5,111,11111,AC8D30,111111,2019/04/14,15:17:35.413,2019/04/14,15:17:35.360,,8150,,,,,,,0,,0,0
MSG,3,111,11111,AC820F,111111,2019/04/14,15:17:35.431,2019/04/14,15:17:35.420,,10900,,,33.73077,-84.47868,,,,,,0
MSG,4,111,11111,AC820F,111111,2019/04/14,15:17:35.781,2019/04/14,15:17:35.750,,,297,87,,,-1536,,,,,0
MSG,3,111,11111,AC820F,111111,2019/04/14,15:17:35.991,2019/04/14,15:17:35.949,,10900,,,33.73077,-84.47774,,,,,,0
MSG,3,111,11111,ABE924,111111,2019/04/14,15:17:36.108,2019/04/14,15:17:36.079,,12275,,,33.60378,-84.63192,,,,,,0
MSG,5,111,11111,AC8D30,111111,2019/04/14,15:17:36.159,2019/04/14,15:17:36.142,,8125,,,,,,,0,,0,0
MSG,5,111,11111,AC8D30,111111,2019/04/14,15:17:36.161,2019/04/14,15:17:36.142,,8125,,,,,,,0,,0,0
MSG,4,111,11111,AC820F,111111,2019/04/14,15:17:36.261,2019/04/14,15:17:36.208,,,297,87,,,-1536,,,,,0
MSG,3,111,11111,AC8D30,111111,2019/04/14,15:17:36.282,2019/04/14,15:17:36.273,,8125,,,33.73347,-84.29737,,,,,,0
MSG,1,111,11111,A03210,111111,2019/04/14,15:17:36.544,2019/04/14,15:17:36.535,N111Y   ,,,,,,,,,,,0
MSG,5,111,11111,AC820F,111111,2019/04/14,15:17:36.799,2019/04/14,15:17:36.797,,10875,,,,,,,0,,0,0
MSG,4,111,11111,AC820F,111111,2019/04/14,15:17:36.811,2019/04/14,15:17:36.800,,,297,87,,,-1536,,,,,0
MSG,3,111,11111,A03210,111111,2019/04/14,15:17:36.874,2019/04/14,15:17:36.863,,43000,,,33.85789,-84.54164,,,,,,0
MSG,3,111,11111,AC820F,111111,2019/04/14,15:17:37.032,2019/04/14,15:17:36.997,,10850,,,33.73087,-84.47605,,,,,,0
MSG,3,111,11111,ABE924,111111,2019/04/14,15:17:37.058,2019/04/14,15:17:37.058,,12275,,,33.60301,-84.63139,,,,,,0
MSG,4,111,11111,ABE924,111111,2019/04/14,15:17:37.159,2019/04/14,15:17:37.125,,,202,149,,,0,,,,,0
MSG,3,111,11111,AC820F,111111,2019/04/14,15:17:37.601,2019/04/14,15:17:37.585,,10850,,,33.73091,-84.47508,,,,,,0
MSG,4,111,11111,AC820F,111111,2019/04/14,15:17:37.671,2019/04/14,15:17:37.650,,,296,87,,,-1472,,,,,0
MSG,3,111,11111,A03210,111111,2019/04/14,15:17:37.798,2019/04/14,15:17:37.782,,43000,,,33.85991,-84.54260,,,,,,0
MSG,5,111,11111,ABDC96,111111,2019/04/14,15:17:37.972,2019/04/14,15:17:37.917,,35000,,,,,,,0,,0,0
MSG,3,111,11111,ABE924,111111,2019/04/14,15:17:38.048,2019/04/14,15:17:38.043,,12275,,,33.60219,-84.63082,,,,,,0
MSG,3,111,11111,AC820F,111111,2019/04/14,15:17:38.061,2019/04/14,15:17:38.045,,10825,,,33.73091,-84.47433,,,,,,0
MSG,5,111,11111,AC820F,111111,2019/04/14,15:17:38.067,2019/04/14,15:17:38.046,,10825,,,,,,,0,,0,0
MSG,4,111,11111,AC820F,111111,2019/04/14,15:17:38.191,2019/04/14,15:17:38.175,,,296,87,,,-1472,,,,,0
MSG,4,111,11111,ABDC96,111111,2019/04/14,15:17:38.265,2019/04/14,15:17:38.241,,,521,83,,,-64,,,,,0
MSG,4,111,11111,AC7333,111111,2019/04/14,15:17:38.590,2019/04/14,15:17:38.568,,,351,141,,,-64,,,,,0
MSG,4,111,11111,AC820F,111111,2019/04/14,15:17:38.631,2019/04/14,15:17:38.631,,,296,87,,,-1472,,,,,0
MSG,4,111,11111,A78CFC,111111,2019/04/14,15:17:38.634,2019/04/14,15:17:38.632,,,483,324,,,0,,,,,0
MSG,5,111,11111,AC820F,111111,2019/04/14,15:17:38.649,2019/04/14,15:17:38.634,,10825,,,,,,,0,,0,0
MSG,1,111,11111,ABDC96,111111,2019/04/14,15:17:38.657,2019/04/14,15:17:38.636,ASH6347 ,,,,,,,,,,,0
MSG,3,111,11111,A03210,111111,2019/04/14,15:17:38.901,2019/04/14,15:17:38.893,,43000,,,33.86201,-84.54361,,,,,,0
MSG,5,111,11111,ABDC96,111111,2019/04/14,15:17:38.957,2019/04/14,15:17:38.958,,35000,,,,,,,0,,0,0
MSG,3,111,11111,AC820F,111111,2019/04/14,15:17:38.960,2019/04/14,15:17:38.959,,10825,,,33.73100,-84.47281,,,,,,0
MSG,4,111,11111,A03210,111111,2019/04/14,15:17:39.094,2019/04/14,15:17:39.091,,,472,339,,,-64,,,,,0
MSG,4,111,11111,AC820F,111111,2019/04/14,15:17:39.111,2019/04/14,15:17:39.093,,,296,87,,,-1472,,,,,0
MSG,1,111,11111,AC820F,111111,2019/04/14,15:17:39.141,2019/04/14,15:17:39.097,DAL1067 ,,,,,,,,,,,0
MSG,4,111,11111,AB8F0D,111111,2019/04/14,15:17:39.189,2019/04/14,15:17:39.157,,,254,271,,,2432,,,,,0
MSG,3,111,11111,ABDC96,111111,2019/04/14,15:17:39.255,2019/04/14,15:17:39.225,,35000,,,33.60490,-84.69475,,,,,,0
MSG,3,111,11111,AC820F,111111,2019/04/14,15:17:39.481,2019/04/14,15:17:39.482,,10800,,,33.73100,-84.47203,,,,,,0
MSG,3,111,11111,A03210,111111,2019/04/14,15:17:39.773,2019/04/14,15:17:39.749,,43000,,,33.86362,-84.54434,,,,,,0
MSG,3,111,11111,A78CFC,111111,2019/04/14,15:17:39.803,2019/04/14,15:17:39.753,,36000,,,33.56113,-84.37164,,,,,,0
MSG,5,111,11111,A03210,111111,2019/04/14,15:17:39.906,2019/04/14,15:17:39.879,,43000,,,,,,,0,,0,0
MSG,5,111,11111,AC820F,111111,2019/04/14,15:17:39.948,2019/04/14,15:17:39.943,,10775,,,,,,,0,,0,0
MSG,3,111,11111,AC820F,111111,2019/04/14,15:17:39.991,2019/04/14,15:17:39.947,,10800,,,33.73105,-84.47119,,,,,,0
MSG,4,111,11111,A03210,111111,2019/04/14,15:17:40.054,2019/04/14,15:17:40.012,,,473,339,,,0,,,,,0
MSG,4,111,11111,AC820F,111111,2019/04/14,15:17:40.091,2019/04/14,15:17:40.073,,,296,87,,,-1472,,,,,0
MSG,3,111,11111,ABDC96,111111,2019/04/14,15:17:40.235,2019/04/14,15:17:40.208,,35000,,,33.60516,-84.69192,,,,,,0
MSG,4,111,11111,ABDC96,111111,2019/04/14,15:17:40.293,2019/04/14,15:17:40.271,,,521,83,,,-128,,,,,0
MSG,3,111,11111,AC820F,111111,2019/04/14,15:17:40.402,2019/04/14,15:17:40.401,,10775,,,33.73105,-84.47044,,,,,,0
MSG,4,111,11111,AC820F,111111,2019/04/14,15:17:40.631,2019/04/14,15:17:40.601,,,296,87,,,-1472,,,,,0
MSG,4,111,11111,AC820F,111111,2019/04/14,15:17:41.081,2019/04/14,15:17:41.059,,,296,87,,,-1472,,,,,0
MSG,5,111,11111,AC820F,111111,2019/04/14,15:17:41.223,2019/04/14,15:17:41.191,,10750,,,,,,,0,,0,0
MSG,3,111,11111,ABDC96,111111,2019/04/14,15:17:41.240,2019/04/14,15:17:41.193,,35000,,,33.60541,-84.68903,,,,,,0
MSG,4,111,11111,ABDC96,111111,2019/04/14,15:17:41.252,2019/04/14,15:17:41.253,,,521,83,,,-128,,,,,0
MSG,4,111,11111,AC820F,111111,2019/04/14,15:17:41.592,2019/04/14,15:17:41.582,,,296,87,,,-1472,,,,,0
MSG,3,111,11111,A03210,111111,2019/04/14,15:17:41.764,2019/04/14,15:17:41.718,,43000,,,33.86787,-84.54635,,,,,,0
MSG,4,111,11111,A03210,111111,2019/04/14,15:17:41.882,2019/04/14,15:17:41.847,,,472,339,,,0,,,,,0
MSG,5,111,11111,ABD932,111111,2019/04/14,15:17:42.827,2019/04/14,15:17:42.826,,35000,,,,,,,0,,0,0
MSG,4,111,11111,AB8F0D,111111,2019/04/14,15:17:43.009,2019/04/14,15:17:42.963,,,257,271,,,2688,,,,,0
MSG,4,111,11111,AC820F,111111,2019/04/14,15:17:43.102,2019/04/14,15:17:43.089,,,296,87,,,-1472,,,,,0
MSG,5,111,11111,AB8F0D,111111,2019/04/14,15:17:43.246,2019/04/14,15:17:43.222,,5350,,,,,,,0,,0,0
MSG,5,111,11111,ABE924,111111,2019/04/14,15:17:43.518,2019/04/14,15:17:43.485,,12275,,,,,,,0,,0,0
MSG,5,111,11111,ABE924,111111,2019/04/14,15:17:43.520,2019/04/14,15:17:43.487,,12275,,,,,,,0,,0,0
MSG,4,111,11111,AC820F,111111,2019/04/14,15:17:43.682,2019/04/14,15:17:43.678,,,296,87,,,-1408,,,,,0
MSG,4,111,11111,ABE924,111111,2019/04/14,15:17:43.699,2019/04/14,15:17:43.679,,,203,149,,,0,,,,,0
MSG,3,111,11111,A03210,111111,2019/04/14,15:17:43.727,2019/04/14,15:17:43.682,,43000,,,33.87186,-84.54820,,,,,,0
MSG,3,111,11111,AB3C61,111111,2019/04/14,15:17:43.774,2019/04/14,15:17:43.746,,11300,,,33.70000,-84.75866,,,,,,0
MSG,1,111,11111,AC820F,111111,2019/04/14,15:17:44.002,2019/04/14,15:17:43.941,DAL1067 ,,,,,,,,,,,0
MSG,4,111,11111,AC820F,111111,2019/04/14,15:17:44.201,2019/04/14,15:17:44.203,,,296,87,,,-1408,,,,,0
MSG,5,111,11111,AC820F,111111,2019/04/14,15:17:44.616,2019/04/14,15:17:44.598,,10675,,,,,,,0,,0,0
MSG,4,111,11111,ABE924,111111,2019/04/14,15:17:44.768,2019/04/14,15:17:44.730,,,203,149,,,0,,,,,0
MSG,4,111,11111,AC820F,111111,2019/04/14,15:17:44.771,2019/04/14,15:17:44.731,,,296,87,,,-1408,,,,,0
MSG,4,111,11111,A03210,111111,2019/04/14,15:17:45.919,2019/04/14,15:17:45.908,,,472,339,,,-64,,,,,0
MSG,4,111,11111,AC820F,111111,2019/04/14,15:17:46.201,2019/04/14,15:17:46.172,,,295,87,,,-1472,,,,,0
MSG,3,111,11111,AC820F,111111,2019/04/14,15:17:46.521,2019/04/14,15:17:46.499,,10625,,,33.73143,-84.46043,,,,,,0
MSG,4,111,11111,AB8F0D,111111,2019/04/14,15:17:46.590,2019/04/14,15:17:46.565,,,258,270,,,3328,,,,,0
MSG,1,111,11111,A03210,111111,2019/04/14,15:17:46.595,2019/04/14,15:17:46.566,N111Y   ,,,,,,,,,,,0
MSG,4,111,11111,A78CFC,111111,2019/04/14,15:17:46.694,2019/04/14,15:17:46.693,,,488,325,,,0,,,,,0
MSG,3,111,11111,A03210,111111,2019/04/14,15:17:46.715,2019/04/14,15:17:46.696,,43000,,,33.87793,-84.55107,,,,,,0
MSG,5,111,11111,A78CFC,111111,2019/04/14,15:17:46.781,2019/04/14,15:17:46.760,,36000,,,,,,,0,,0,0
MSG,4,111,11111,A03210,111111,2019/04/14,15:17:46.812,2019/04/14,15:17:46.763,,,472,339,,,64,,,,,0
MSG,3,111,11111,ABE924,111111,2019/04/14,15:17:47.579,2019/04/14,15:17:47.549,,12275,,,33.59450,-84.62539,,,,,,0
MSG,3,111,11111,AC820F,111111,2019/04/14,15:17:47.611,2019/04/14,15:17:47.610,,10600,,,33.73147,-84.45866,,,,,,0
MSG,4,111,11111,ABE924,111111,2019/04/14,15:17:47.618,2019/04/14,15:17:47.611,,,203,149,,,0,,,,,0
MSG,3,111,11111,A03210,111111,2019/04/14,15:17:47.755,2019/04/14,15:17:47.743,,43000,,,33.88005,-84.55207,,,,,,0
MSG,4,111,11111,A03210,111111,2019/04/14,15:17:47.792,2019/04/14,15:17:47.748,,,472,339,,,0,,,,,0
MSG,5,111,11111,ABE924,111111,2019/04/14,15:17:47.855,2019/04/14,15:17:47.809,,12275,,,,,,,0,,0,0
MSG,3,111,11111,A78CFC,111111,2019/04/14,15:17:47.935,2019/04/14,15:17:47.877,,36000,,,33.57600,-84.38436,,,,,,0
MSG,4,111,11111,AC820F,111111,2019/04/14,15:17:48.231,2019/04/14,15:17:48.204,,,295,87,,,-1472,,,,,0
MSG,5,111,11111,AC820F,111111,2019/04/14,15:17:48.542,2019/04/14,15:17:48.530,,10575,,,,,,,0,,0,0
MSG,3,111,11111,A03210,111111,2019/04/14,15:17:48.712,2019/04/14,15:17:48.663,,43000,,,33.88202,-84.55301,,,,,,0
MSG,5,111,11111,A03210,111111,2019/04/14,15:17:49.166,2019/04/14,15:17:49.123,,43000,,,,,,,0,,0,0
MSG,5,111,11111,AD2384,111111,2019/04/14,15:17:49.212,2019/04/14,15:17:49.186,,11275,,,,,,,0,,0,0
MSG,5,111,11111,ABE924,111111,2019/04/14,15:17:49.661,2019/04/14,15:17:49.644,,12275,,,,,,,0,,0,0
MSG,3,111,11111,ABE924,111111,2019/04/14,15:17:49.999,2019/04/14,15:17:49.973,,12275,,,33.59247,-84.62397,,,,,,0
MSG,4,111,11111,ABE924,111111,2019/04/14,15:17:50.389,2019/04/14,15:17:50.366,,,203,149,,,64,,,,,0
MSG,4,111,11111,AC820F,111111,2019/04/14,15:17:50.522,2019/04/14,15:17:50.497,,,295,87,,,-1472,,,,,0
MSG,5,111,11111,AC7333,111111,2019/04/14,15:17:50.762,2019/04/14,15:17:50.757,,12250,,,,,,,0,,0,0
MSG,3,111,11111,AC820F,111111,2019/04/14,15:17:50.822,2019/04/14,15:17:50.823,,10525,,,33.73166,-84.45339,,,,,,0
MSG,4,111,11111,AC820F,111111,2019/04/14,15:17:50.992,2019/04/14,15:17:50.959,,,295,87,,,-1472,,,,,0
MSG,4,111,11111,AB8F0D,111111,2019/04/14,15:17:51.110,2019/04/14,15:17:51.088,,,256,271,,,3840,,,,,0
MSG,4,111,11111,ABE924,111111,2019/04/14,15:17:51.469,2019/04/14,15:17:51.420,,,204,149,,,64,,,,,0
MSG,3,111,11111,A03210,111111,2019/04/14,15:17:51.588,2019/04/14,15:17:51.547,,43000,,,33.88806,-84.55583,,,,,,0
MSG,3,111,11111,ABE924,111111,2019/04/14,15:17:51.609,2019/04/14,15:17:51.608,,12275,,,33.59116,-84.62305,,,,,,0
MSG,3,111,11111,AB8F0D,111111,2019/04/14,15:17:51.700,2019/04/14,15:17:51.676,,5850,,,33.63538,-84.58817,,,,,,0
MSG,3,111,11111,AC820F,111111,2019/04/14,15:17:51.732,2019/04/14,15:17:51.680,,10500,,,33.73170,-84.45196,,,,,,0
MSG,4,111,11111,AC820F,111111,2019/04/14,15:17:52.012,2019/04/14,15:17:52.003,,,295,87,,,-1536,,,,,0
MSG,3,111,11111,ABE924,111111,2019/04/14,15:17:52.129,2019/04/14,15:17:52.074,,12275,,,33.59079,-84.62276,,,,,,0
MSG,5,111,11111,AC820F,111111,2019/04/14,15:17:52.508,2019/04/14,15:17:52.465,,10475,,,,,,,0,,0,0
MSG,4,111,11111,ABE924,111111,2019/04/14,15:17:52.579,2019/04/14,15:17:52.530,,,203,149,,,64,,,,,0
MSG,3,111,11111,ABE924,111111,2019/04/14,15:17:52.699,2019/04/14,15:17:52.659,,12275,,,33.59028,-84.62242,,,,,,0
MSG,5,111,11111,ABE924,111111,2019/04/14,15:17:52.723,2019/04/14,15:17:52.722,,12275,,,,,,,0,,0,0
MSG,5,111,11111,ABE924,111111,2019/04/14,15:17:52.733,2019/04/14,15:17:52.724,,12275,,,,,,,0,,0,0
MSG,3,111,11111,AC820F,111111,2019/04/14,15:17:52.822,2019/04/14,15:17:52.790,,10475,,,33.73175,-84.45013,,,,,,0
MSG,4,111,11111,AC820F,111111,2019/04/14,15:17:52.992,2019/04/14,15:17:52.986,,,295,87,,,-1472,,,,,0
MSG,4,111,11111,AB8F0D,111111,2019/04/14,15:17:53.290,2019/04/14,15:17:53.252,,,255,271,,,3904,,,,,0
MSG,4,111,11111,AC820F,111111,2019/04/14,15:17:53.522,2019/04/14,15:17:53.511,,,295,88,,,-1536,,,,,0
MSG,4,111,11111,AB8F0D,111111,2019/04/14,15:17:53.720,2019/04/14,15:17:53.707,,,255,271,,,3968,,,,,0
MSG,3,111,11111,ABE924,111111,2019/04/14,15:17:53.749,2019/04/14,15:17:53.711,,12275,,,33.58942,-84.62180,,,,,,0
MSG,4,111,11111,AC820F,111111,2019/04/14,15:17:53.952,2019/04/14,15:17:53.908,,,295,88,,,-1536,,,,,0
MSG,4,111,11111,ABE924,111111,2019/04/14,15:17:54.009,2019/04/14,15:17:53.971,,,203,149,,,0,,,,,0
MSG,3,111,11111,AB8F0D,111111,2019/04/14,15:17:54.230,2019/04/14,15:17:54.230,,6000,,,33.63539,-84.59175,,,,,,0
MSG,5,111,11111,AC820F,111111,2019/04/14,15:17:54.234,2019/04/14,15:17:54.230,,10450,,,,,,,0,,0,0
MSG,4,111,11111,AB8F0D,111111,2019/04/14,15:17:54.260,2019/04/14,15:17:54.232,,,255,271,,,3968,,,,,0
MSG,3,111,11111,ABE924,111111,2019/04/14,15:17:54.279,2019/04/14,15:17:54.233,,12275,,,33.58905,-84.62152,,,,,,0
MSG,1,111,11111,AC820F,111111,2019/04/14,15:17:54.282,2019/04/14,15:17:54.233,DAL1067 ,,,,,,,,,,,0
MSG,3,111,11111,AB8F0D,111111,2019/04/14,15:17:55.310,2019/04/14,15:17:55.282,,6075,,,33.63542,-84.59321,,,,,,0
MSG,3,111,11111,ABE924,111111,2019/04/14,15:17:55.389,2019/04/14,15:17:55.348,,12275,,,33.58809,-84.62082,,,,,,0
MSG,4,111,11111,ABE924,111111,2019/04/14,15:17:55.549,2019/04/14,15:17:55.543,,,203,149,,,0,,,,,0
MSG,4,111,11111,A78CFC,111111,2019/04/14,15:17:55.604,2019/04/14,15:17:55.606,,,493,327,,,-64,,,,,0
MSG,3,111,11111,AC820F,111111,2019/04/14,15:17:55.962,2019/04/14,15:17:55.938,,10400,,,33.73187,-84.44501,,,,,,0
MSG,4,111,11111,ABE924,111111,2019/04/14,15:17:56.049,2019/04/14,15:17:56.006,,,203,149,,,0,,,,,0
MSG,3,111,11111,ABE924,111111,2019/04/14,15:17:56.319,2019/04/14,15:17:56.268,,12275,,,33.58735,-84.62030,,,,,,0
MSG,4,111,11111,AB8F0D,111111,2019/04/14,15:17:56.370,2019/04/14,15:17:56.332,,,254,271,,,4160,,,,,0
MSG,4,111,11111,ABE924,111111,2019/04/14,15:17:56.549,2019/04/14,15:17:56.527,,,203,149,,,0,,,,,0
MSG,4,111,11111,A78CFC,111111,2019/04/14,15:17:56.635,2019/04/14,15:17:56.593,,,494,327,,,0,,,,,0
MSG,4,111,11111,A03210,111111,2019/04/14,15:17:56.746,2019/04/14,15:17:56.723,,,472,339,,,128,,,,,0
MSG,1,111,11111,A03210,111111,2019/04/14,15:17:56.749,2019/04/14,15:17:56.724,N111Y   ,,,,,,,,,,,0
MSG,3,111,11111,A03210,111111,2019/04/14,15:17:56.771,2019/04/14,15:17:56.726,,43000,,,33.89822,-84.56062,,,,,,0
MSG,5,111,11111,A78CFC,111111,2019/04/14,15:17:56.963,2019/04/14,15:17:56.921,,36000,,,,,,,0,,0,0
MSG,5,111,11111,AC820F,111111,2019/04/14,15:17:57.128,2019/04/14,15:17:57.116,,10375,,,,,,,0,,0,0
MSG,4,111,11111,AC820F,111111,2019/04/14,15:17:57.193,2019/04/14,15:17:57.181,,,294,88,,,-1472,,,,,0
MSG,5,111,11111,A03210,111111,2019/04/14,15:17:57.372,2019/04/14,15:17:57.318,,43000,,,,,,,0,,0,0
MSG,3,111,11111,AC820F,111111,2019/04/14,15:17:57.542,2019/04/14,15:17:57.513,,10350,,,33.73194,-84.44246,,,,,,0
MSG,4,111,11111,A03210,111111,2019/04/14,15:17:57.771,2019/04/14,15:17:57.770,,,472,339,,,-64,,,,,0
MSG,3,111,11111,A03210,111111,2019/04/14,15:17:57.894,2019/04/14,15:17:57.839,,43000,,,33.90069,-84.56177,,,,,,0
MSG,3,111,11111,ABE924,111111,2019/04/14,15:17:57.909,2019/04/14,15:17:57.901,,12275,,,33.58609,-84.61939,,,,,,0
MSG,4,111,11111,AC820F,111111,2019/04/14,15:17:58.242,2019/04/14,15:17:58.230,,,294,88,,,-1472,,,,,0
MSG,5,111,11111,A03210,111111,2019/04/14,15:17:58.411,2019/04/14,15:17:58.366,,43000,,,,,,,0,,0,0
MSG,3,111,11111,AC820F,111111,2019/04/14,15:17:58.612,2019/04/14,15:17:58.565,,10325,,,33.73198,-84.44069,,,,,,0
MSG,5,111,11111,AC820F,111111,2019/04/14,15:17:58.641,2019/04/14,15:17:58.622,,10325,,,,,,,0,,0,0
MSG,5,111,11111,AC820F,111111,2019/04/14,15:17:58.642,2019/04/14,15:17:58.622,,10325,,,,,,,0,,0,0
MSG,4,111,11111,ABE924,111111,2019/04/14,15:17:58.679,2019/04/14,15:17:58.625,,,203,149,,,0,,,,,0
MSG,4,111,11111,A03210,111111,2019/04/14,15:17:58.809,2019/04/14,15:17:58.757,,,472,339,,,-64,,,,,0
MSG,3,111,11111,A03210,111111,2019/04/14,15:17:58.831,2019/04/14,15:17:58.819,,43000,,,33.90271,-84.56272,,,,,,0
MSG,3,111,11111,AB8F0D,111111,2019/04/14,15:17:58.919,2019/04/14,15:17:58.885,,6325,,,33.63543,-84.59833,,,,,,0
MSG,3,111,11111,A03210,111111,2019/04/14,15:17:59.761,2019/04/14,15:17:59.737,,43000,,,33.90454,-84.56356,,,,,,0
MSG,3,111,11111,AC820F,111111,2019/04/14,15:18:00.142,2019/04/14,15:18:00.131,,10300,,,33.73208,-84.43823,,,,,,0
MSG,4,111,11111,AC820F,111111,2019/04/14,15:18:00.152,2019/04/14,15:18:00.133,,,294,88,,,-1408,,,,,0
MSG,5,111,11111,AC820F,111111,2019/04/14,15:18:00.424,2019/04/14,15:18:00.395,,10275,,,,,,,0,,0,0
MSG,5,111,11111,AC820F,111111,2019/04/14,15:18:00.528,2019/04/14,15:18:00.523,,10275,,,,,,,0,,0,0
MSG,3,111,11111,AB3C61,111111,2019/04/14,15:18:00.595,2019/04/14,15:18:00.590,,11650,,,33.70657,-84.78527,,,,,,0
MSG,4,111,11111,AC820F,111111,2019/04/14,15:18:00.633,2019/04/14,15:18:00.594,,,294,88,,,-1408,,,,,0
MSG,5,111,11111,ABDC96,111111,2019/04/14,15:18:00.683,2019/04/14,15:18:00.657,,35000,,,,,,,0,,0,0
MSG,3,111,11111,A03210,111111,2019/04/14,15:18:00.789,2019/04/14,15:18:00.785,,43000,,,33.90678,-84.56463,,,,,,0
MSG,4,111,11111,ABE924,111111,2019/04/14,15:18:00.889,2019/04/14,15:18:00.854,,,203,149,,,0,,,,,0
MSG,4,111,11111,A03210,111111,2019/04/14,15:18:00.915,2019/04/14,15:18:00.916,,,473,339,,,0,,,,,0
MSG,3,111,11111,AC820F,111111,2019/04/14,15:18:01.233,2019/04/14,15:18:01.184,,10275,,,33.73212,-84.43645,,,,,,0
MSG,4,111,11111,AB3C61,111111,2019/04/14,15:18:01.335,2019/04/14,15:18:01.312,,,306,288,,,1216,,,,,0
MSG,4,111,11111,AC820F,111111,2019/04/14,15:18:01.613,2019/04/14,15:18:01.577,,,293,88,,,-1408,,,,,0
MSG,5,111,11111,ABE924,111111,2019/04/14,15:18:01.681,2019/04/14,15:18:01.640,,12275,,,,,,,0,,0,0
MSG,5,111,11111,AC820F,111111,2019/04/14,15:18:01.736,2019/04/14,15:18:01.704,,10250,,,,,,,0,,0,0
MSG,5,111,11111,AB3C61,111111,2019/04/14,15:18:01.888,2019/04/14,15:18:01.839,,11675,,,,,,,0,,0,0
MSG,4,111,11111,ABE924,111111,2019/04/14,15:18:01.920,2019/04/14,15:18:01.900,,,202,149,,,0,,,,,0
MSG,5,111,11111,ABE924,111111,2019/04/14,15:18:01.949,2019/04/14,15:18:01.903,DAL296  ,12275,,,,,,,0,,0,0
MSG,3,111,11111,AC820F,111111,2019/04/14,15:18:02.243,2019/04/14,15:18:02.228,,10250,,,33.73212,-84.43480,,,,,,0
MSG,4,111,11111,AB3C61,111111,2019/04/14,15:18:02.355,2019/04/14,15:18:02.297,,,307,288,,,1216,,,,,0
MSG,5,111,11111,AB3C61,111111,2019/04/14,15:18:02.357,2019/04/14,15:18:02.357,,11700,,,,,,,0,,0,0
MSG,4,111,11111,ABE924,111111,2019/04/14,15:18:02.419,2019/04/14,15:18:02.362,,,202,149,,,0,,,,,0
MSG,4,111,11111,AC820F,111111,2019/04/14,15:18:02.482,2019/04/14,15:18:02.428,,,293,88,,,-1408,,,,,0
MSG,3,111,11111,ABE924,111111,2019/04/14,15:18:02.629,2019/04/14,15:18:02.620,,12275,,,33.58227,-84.61670,,,,,,0
MSG,3,111,11111,AB3C61,111111,2019/04/14,15:18:02.695,2019/04/14,15:18:02.687,,11700,,,33.70750,-84.78870,,,,,,0
MSG,4,111,11111,AB3C61,111111,2019/04/14,15:18:02.855,2019/04/14,15:18:02.821,,,307,288,,,1216,,,,,0
MSG,4,111,11111,A03210,111111,2019/04/14,15:18:02.859,2019/04/14,15:18:02.822,,,473,339,,,128,,,,,0
MSG,3,111,11111,ABDC96,111111,2019/04/14,15:18:02.917,2019/04/14,15:18:02.882,,35000,,,33.61130,-84.62724,,,,,,0
MSG,4,111,11111,AC820F,111111,2019/04/14,15:18:02.962,2019/04/14,15:18:02.948,,,293,88,,,-1408,,,,,0
MSG,3,111,11111,AC820F,111111,2019/04/14,15:18:03.322,2019/04/14,15:18:03.279,,10225,,,33.73217,-84.43302,,,,,,0
MSG,3,111,11111,AC820F,111111,2019/04/14,15:18:03.842,2019/04/14,15:18:03.801,,10200,,,33.73222,-84.43222,,,,,,0
MSG,3,111,11111,A78CFC,111111,2019/04/14,15:18:03.934,2019/04/14,15:18:03.932,,36000,,,33.60654,-84.40841,,,,,,0
MSG,3,111,11111,AC7333,111111,2019/04/14,15:18:04.190,2019/04/14,15:18:04.192,,12250,,,33.78524,-84.63043,,,,,,0
MSG,3,111,11111,AB3C61,111111,2019/04/14,15:18:04.295,2019/04/14,15:18:04.264,,11725,,,33.70820,-84.79134,,,,,,0
MSG,1,111,11111,AC820F,111111,2019/04/14,15:18:04.362,2019/04/14,15:18:04.328,DAL1067 ,,,,,,,,,,,0
MSG,4,111,11111,ABE924,111111,2019/04/14,15:18:04.519,2019/04/14,15:18:04.521,,,202,149,,,0,,,,,0
MSG,4,111,11111,AC7333,111111,2019/04/14,15:18:04.710,2019/04/14,15:18:04.657,,,321,141,,,-128,,,,,0
MSG,3,111,11111,ABE924,111111,2019/04/14,15:18:04.729,2019/04/14,15:18:04.718,,12275,,,33.58060,-84.61550,,,,,,0
MSG,3,111,11111,A03210,111111,2019/04/14,15:18:05.825,2019/04/14,15:18:05.773,,43000,,,33.91698,-84.56938,,,,,,0
MSG,4,111,11111,A03210,111111,2019/04/14,15:18:05.828,2019/04/14,15:18:05.774,,,473,339,,,-64,,,,,0
MSG,3,111,11111,ABDC96,111111,2019/04/14,15:18:05.968,2019/04/14,15:18:05.964,,35000,,,33.61212,-84.61804,,,,,,0
MSG,5,111,11111,A03210,111111,2019/04/14,15:18:06.231,2019/04/14,15:18:06.225,,43000,,,,,,,0,,0,0
MSG,3,111,11111,AC820F,111111,2019/04/14,15:18:06.293,2019/04/14,15:18:06.291,,10150,,,33.73228,-84.42825,,,,,,0
MSG,5,111,11111,AC820F,111111,2019/04/14,15:18:06.356,2019/04/14,15:18:06.356,,10150,,,,,,,0,,0,0
MSG,5,111,11111,ABDC96,111111,2019/04/14,15:18:06.367,2019/04/14,15:18:06.358,,35000,,,,,,,0,,0,0
MSG,5,111,11111,AB3C61,111111,2019/04/14,15:18:06.518,2019/04/14,15:18:06.490,,11775,,,,,,,0,,0,0
MSG,5,111,11111,A03210,111111,2019/04/14,15:18:06.641,2019/04/14,15:18:06.620,,43000,,,,,,,0,,0,0
MSG,4,111,11111,AB3C61,111111,2019/04/14,15:18:06.855,2019/04/14,15:18:06.818,,,311,288,,,1152,,,,,0
MSG,3,111,11111,A78CFC,111111,2019/04/14,15:18:07.024,2019/04/14,15:18:07.010,,36000,,,33.61263,-84.41289,,,,,,0
MSG,3,111,11111,AC7333,111111,2019/04/14,15:18:07.140,2019/04/14,15:18:07.141,,12225,,,33.78186,-84.62718,,,,,,0
